{
  "id": "wifey-account-apis-environment",
  "name": "Wifey Account APIs - Development",
  "values": [
    {
      "key": "base_url",
      "value": "http://localhost:3000",
      "type": "default",
      "enabled": true
    },
    {
      "key": "user_email",
      "value": "test@example.com",
      "type": "default",
      "enabled": true
    },
    {
      "key": "user_id",
      "value": "",
      "type": "default",
      "enabled": true
    },
    {
      "key": "auth_token",
      "value": "",
      "type": "secret",
      "enabled": true
    },
    {
      "key": "notification_id",
      "value": "",
      "type": "default",
      "enabled": true
    },
    {
      "key": "order_id",
      "value": "",
      "type": "default",
      "enabled": true
    },
    {
      "key": "board_id",
      "value": "",
      "type": "default",
      "enabled": true
    },
    {
      "key": "item_id",
      "value": "",
      "type": "default",
      "enabled": true
    }
  ],
  "_postman_variable_scope": "environment"
}
